source,current_status,current_destination,new_disposition,new_destination,evidence,notes
/,200,/,keep,/,Live home and sitemap,Canonical production home
/contact-us-3/,200,/contact-us-3/,301,/contact/,Live page sitemap and Google result,Preserve indexed contact-page equity
/contact-us/,301,/contact-us-3/,301,/contact/,Live WordPress homepage link and response header,Normalize historical contact link directly to final destination
/services/roofing/,404,,301,/services/,Previously preserved production history,Retain redirect for historical backlinks or bookmarks
/hello-world/,200,/hello-world/,404,,Live post sitemap and Google result,Off-topic WordPress starter content; remove from sitemap and request deindexing
/blog-post-title/,200,/blog-post-title/,404,,Live post sitemap,Generic placeholder with no relevant replacement
/blog-post-title-2/,200,/blog-post-title-2/,404,,Live post sitemap,Generic placeholder with no relevant replacement
/category/uncategorized/,200,/category/uncategorized/,404,,Live category sitemap,Archive contains retired placeholder posts
/metform-form/new-form-1742830175/,200,/metform-form/new-form-1742830175/,404,,Live MetForm sitemap,WordPress form utility URL must not remain indexable
